epoch,accuracy,loss,val_accuracy,val_loss
20,0.31989967823028564,1.8027644157409668,0.3786570131778717,1.6677576303482056
21,0.3532690107822418,1.6808137893676758,0.39607131481170654,1.596545696258545
22,0.3764673173427582,1.6245871782302856,0.4098634719848633,1.5513899326324463
23,0.38747429847717285,1.5853633880615234,0.419476181268692,1.5172871351242065
24,0.40043193101882935,1.5584217309951782,0.42755642533302307,1.495523452758789
25,0.4055871069431305,1.5373704433441162,0.4364725649356842,1.46668541431427
26,0.4147479832172394,1.5173985958099365,0.44106993079185486,1.4527716636657715
27,0.4166637659072876,1.5093059539794922,0.4506826400756836,1.4342879056930542
