{"accuracy": [0.3185412287712097, 0.3724267780780792, 0.3913407027721405, 0.39423176646232605, 0.39910829067230225, 0.4010589122772217, 0.39893412590026855, 0.4023476839065552, 0.40471628308296204, 0.4107074439525604, 0.41021978855133057, 0.40753769874572754, 0.41217041015625, 0.41304120421409607, 0.41467833518981934, 0.417012095451355, 0.41784805059432983, 0.41659408807754517, 0.41767388582229614, 0.41729074716567993, 0.31989967823028564, 0.3532690107822418, 0.3764673173427582, 0.38747429847717285, 0.40043193101882935, 0.4055871069431305, 0.4147479832172394, 0.4166637659072876], "loss": [1.8281900882720947, 1.6024575233459473, 1.5637718439102173, 1.5570627450942993, 1.5519020557403564, 1.5463229417800903, 1.5388612747192383, 1.5378576517105103, 1.5312243700027466, 1.523879051208496, 1.5256249904632568, 1.5340080261230469, 1.5221723318099976, 1.5142326354980469, 1.5128594636917114, 1.5138821601867676, 1.5121475458145142, 1.5027025938034058, 1.506057858467102, 1.5024083852767944, 1.8027644157409668, 1.6808137893676758, 1.6245871782302856, 1.5853633880615234, 1.5584217309951782, 1.5373704433441162, 1.5173985958099365, 1.5093059539794922], "val_accuracy": [0.3877124488353729, 0.41864028573036194, 0.3935636579990387, 0.4125104546546936, 0.4329896867275238, 0.42783504724502563, 0.42072999477386475, 0.4331290125846863, 0.43967679142951965, 0.4324324429035187, 0.43396487832069397, 0.4437169134616852, 0.4371691346168518, 0.4428810179233551, 0.4428810179233551, 0.4527723491191864, 0.44120925664901733, 0.4350793957710266, 0.4513792097568512, 0.44120925664901733, 0.3786570131778717, 0.39607131481170654, 0.4098634719848633, 0.419476181268692, 0.42755642533302307, 0.4364725649356842, 0.44106993079185486, 0.4506826400756836], "val_loss": [1.6421935558319092, 1.521267056465149, 1.6000921726226807, 1.516340970993042, 1.479124665260315, 1.4846456050872803, 1.5150325298309326, 1.4581416845321655, 1.4698162078857422, 1.477806806564331, 1.4616224765777588, 1.459285020828247, 1.5002340078353882, 1.4364501237869263, 1.4461642503738403, 1.4319243431091309, 1.447778582572937, 1.4995712041854858, 1.4241422414779663, 1.4513193368911743, 1.6677576303482056, 1.596545696258545, 1.5513899326324463, 1.5172871351242065, 1.495523452758789, 1.46668541431427, 1.4527716636657715, 1.4342879056930542]}