{
  "n_samples": 40000,
  "accuracy": 0.8636,
  "classification": {
    "0": {
      "precision": 0.8732102095870512,
      "recall": 0.8482160854666397,
      "f1-score": 0.8605316973415132,
      "support": 4961.0
    },
    "1": {
      "precision": 0.8546612623045744,
      "recall": 0.8787457828934312,
      "f1-score": 0.8665362035225049,
      "support": 5039.0
    },
    "accuracy": 0.8636,
    "macro avg": {
      "precision": 0.8639357359458129,
      "recall": 0.8634809341800355,
      "f1-score": 0.8635339504320091,
      "support": 10000.0
    },
    "weighted avg": {
      "precision": 0.8638633950514112,
      "recall": 0.8636,
      "f1-score": 0.8635573680061148,
      "support": 10000.0
    }
  }
}